id;description;salutation;first_name;last_name;title;department;do_not_call;phone_home;phone_mobile;phone_work;phone_other;phone_fax;date_reviewed;lawful_basis;lawful_basis_source;primary_address_street;primary_address_city;primary_address_state;primary_address_postalcode;primary_address_country;alt_address_street;alt_address_city;alt_address_state;alt_address_postalcode;alt_address_country;assistant;assistant_phone;converted;refered_by;lead_source;lead_source_description;status;status_description;birthdate
1;../fake-data/blob/hipster.txt;for devil;浩然;爱;举 extreme gah;hmph what 摊;false;sheep phew 一同;next;cilantro;生动 besides ah;sonata 大;2024-05-26;fang 全 多亏;after incidentally;平坦 单 consequently;till 好;lest;as whoa cupola;phooey 比较;长 爬 hm;仅仅 按 当然;athwart;啃;净;却 统统;anenst although underneath;true;boo;很 pro;pond;comptroller;不;2024-05-26
2;../fake-data/blob/hipster.txt;amid clan;聪健;亥;擦;切 单 aboard;false;oof whether;全 苦 鲁莽;as 多亏;撬 bah;吸 跑 mmm;2024-05-27;provided 黑不溜秋 ick;极;苦 骨碌碌;gee 一定 following;for considering despite;慢;渐渐 好些;finally;brr;yum off;鲁莽;yippee;while gosh;inequality;true;oh 毅然;hm;mmm 没有 why;phooey;yogurt that;2024-05-27
3;../fake-data/blob/hipster.txt;nerve;聪健;军;偏偏;苦 硬;false;幸亏;总共 极其;十分 forenenst;footrest round 尽;攥 despite hm;2024-05-26;舞 平坦;hence;插 抄;黑不溜秋 rag like;小;tornado 红;schema;拖;than;拆 全;反正 declination;yowza;towards;摸;true;yahoo 倒 好;擒 about 稍微;um mystery hmph;果然 across;following towards 逐步;2024-05-26
4;../fake-data/blob/hipster.txt;which index finally;立诚;银;modulo naturalisation;一起 hence;false;hemisphere following;minus;inside that mid;discipline uh-huh incidentally;as;2024-05-27;敢情;woot ah;worth considering 索性;别;当然 collateral 敲;略微 相当;member;hint;敢情 必定 drat;now 摇;compress;倒;细 er;别 ugh;true;er;蠕动 whenever;少 就;zowie guitarist;也许 up accuracy;2024-05-27
5;../fake-data/blob/hipster.txt;because once;烨磊;翟;until 冷;共;false;不 苦;underneath;擅自;which 更加 抽;whey;2024-05-26;legitimacy notwithstanding;更 一定 拔;readiness medication;mmm flan;熟练 about appropriation;最;操作 坏;全部 最;渐渐 光;headline oof though;whose 整齐;before up;揽 掷;which reindeer;true;squirrel where phosphate;太 捏 noun;几乎;even;blah wherever ugh;2024-05-26
6;../fake-data/blob/hipster.txt;一味 wild;明杰;桥;whereas 许多;beneath;true;inside;关闭 hence;捉 hatchet;搡;following;2024-05-26;跑 vacation;on 坏 why;提;likewise;生动;全部 what;jeep 坐;索性;血淋淋;agent phew;全部 转动;via 蠕动;fish;反正 多亏 yuck;false;生动 ha;including 拨;更加 phew 绿油油;behaviour;提;2024-05-27
7;../fake-data/blob/hipster.txt;切 whenever;超栋;闳;许多;against excepting against;false;快 轻松;aha yuck;简直 快;aside;as absent;2024-05-26;banquette;mustard;更;幸亏;semiconductor lifestyle psst;phooey;笔直 捡;鲁莽 优秀;out 没有;inasmuch;yippee 格外;however 可;坏 优秀 统统;worth ugh;false;嚼 gadzooks;yippee;phew scale;操作 for;挖 幸亏;2024-05-26
8;../fake-data/blob/hipster.txt;hmph 快 around;耀杰;祈;单 yippee 一定;多么;false;ugh 吸;boo;也许;倒 惟独 finally;一道;2024-05-26;boo and 笔直;geez;temple 喝 who;拿;up;inversion pfft;that eek;vein 拖 弹;upon;一味 抿 up;modulo;prison ouch;一道 掘 geez;摔;false;整齐 instead 扶;ha;whoa;and provided;qua down apropos;2024-05-26
9;../fake-data/blob/hipster.txt;nor instead;智渊;党;插 猛然 老实;稍微;true;unless;当然;多么;um 拨;kind;2024-05-27;长 oh;wherever 老实;beyond than;whereas;多亏 examination;huzzah;捶 amongst 没;gah;都;差点儿;absent 太 太;modulo 必然 粗;弹 小;inasmuch;false;熟练 轻松;competitor brooch;dissonance;干脆 不;转动 and 抬;2024-05-26
10;../fake-data/blob/hipster.txt;than;立伟;池;schooner;pish;false;提 全 supposing;excluding 倒 lounge;更;短 硬 最;猛然 past;2024-05-26;甜 许多;lunch 短;conversation;插 casino;failing;where;鲁莽 passive when;摸 nor 逐渐;揽 ew 索性;shoe-horn;许多 捣;phooey past apud;challenge 一同;一味;true;astride to;弹 坏 blah;regarding investment;yippee finally;now;2024-05-26
